<?xml version="1.0" encoding="UTF-8"?>
<beans xmlns="http://www.springframework.org/schema/beans"
	xmlns:xsi="http://www.w3.org/2001/XMLSchema-instance"
	xmlns:aop="http://www.springframework.org/schema/aop"
	xmlns:context="http://www.springframework.org/schema/context"
	xmlns:mvc="http://www.springframework.org/schema/mvc"
	xmlns:tx="http://www.springframework.org/schema/tx"
	xsi:schemaLocation="http://www.springframework.org/schema/beans http://www.springframework.org/schema/beans/spring-beans.xsd
		http://www.springframework.org/schema/aop http://www.springframework.org/schema/aop/spring-aop-4.3.xsd
		http://www.springframework.org/schema/context http://www.springframework.org/schema/context/spring-context-4.3.xsd
		http://www.springframework.org/schema/mvc http://www.springframework.org/schema/mvc/spring-mvc-4.3.xsd
		http://www.springframework.org/schema/tx http://www.springframework.org/schema/tx/spring-tx-4.3.xsd">
<!-- 扫描注解 -->
<context:component-scan base-package="com.smoo"></context:component-scan>
<!-- 加载静态文件 -->
<mvc:annotation-driven enable-matrix-variables="true"/>
<mvc:default-servlet-handler/>
<!--定义mvc驱动-->
<bean id="viewResolver" class="org.springframework.web.servlet.view.UrlBasedViewResolver">
	<property name="prefix" value="/"/>
	<property name="suffix" value=".jsp"/>
	<property name="viewClass" value="org.springframework.web.servlet.view.JstlView"></property>
</bean>
<!-- 连接数据库 -->
<bean id="dataSource" class="org.springframework.jdbc.datasource.DriverManagerDataSource">
  <property name="driverClassName" value="com.mysql.jdbc.Driver"></property>
  <property name="url" value="jdbc:mysql:///smoo"></property>
  <property name="username" value="root"></property>
  <property name="password" value="root"></property>
</bean>
<!-- 配置sqlSessionFactoryBean -->
<bean id="sqlSessionFactoryBean" class="org.mybatis.spring.SqlSessionFactoryBean">
	<property name="dataSource" ref="dataSource"></property>
	<property name="configLocation" value="classpath:mybatis-config.xml"></property>
	<property name="plugins">
            <array>
              <bean class="com.github.pagehelper.PageInterceptor">
                <property name="properties">
                  <!--使用下面的方式配置参数，一行配置一个 -->
                  <value>
                  </value>
                </property>
              </bean>
            </array>
          </property>   
</bean>
<bean id="mapperScannerConfigurer" class="org.mybatis.spring.mapper.MapperScannerConfigurer">
	<property name="basePackage" value="com.smoo.mapper"></property>
</bean>

</beans>
