<?xml version="1.0" encoding="UTF-8" ?>
<!DOCTYPE mapper
  PUBLIC "-//mybatis.org//DTD Mapper 3.0//EN"
  "http://mybatis.org/dtd/mybatis-3-mapper.dtd">
<mapper namespace="com.smoo.mapper.AddressMapper">
	<!-- 查询所有地址(不用) -->
	<!-- <select id="findAddressAll" resultType="Address">
		select * from Address
	</select> -->
	<!-- 查询单条地址 -->
	<select id="findAddressId" resultType="Address">
		select * from Address where uid=#{uid}
	</select>
	<!-- 删除 -->
	<select id="deleteAddress">
		delete from Address where aid = #{aid}
	</select>
	<!-- 修改 -->
	<update id="updateAddress">
  		update Address set
    	aName = #{aName},
    	aPhone = #{aPhone},
    	aAddress=#{aAddress}
  		where aid = #{aid}
	</update>
</mapper>