<?xml version="1.0" encoding="UTF-8" ?>
<!DOCTYPE mapper
  PUBLIC "-//mybatis.org//DTD Mapper 3.0//EN"
  "http://mybatis.org/dtd/mybatis-3-mapper.dtd">
<mapper namespace="com.smoo.mapper.CartMapper">
	<!-- 查询一条商品 -->
	<select id="findCartId" resultMap="resultCart">
		select c.cid,c.sid,c.uid,c.cNum,c.cMoney,s.sid,s.sName,s.sImage,s.sMoney,s.yesOrNo from Cart c,Stuff s where c.sid=s.sid=c.uid and c.uid=#{c.uid}
	</select>
	<resultMap type="Cart" id="resultCart">
		<id column="cid" property="cid"/>
		<result column="sid" property="sid"/>
		<result column="uid" property="uid"/>
		<result column="cNum" property="cNum"/>
		<result column="cMoney" property="cMoney"/>
		<association property="stuff" javaType="Stuff">
			<id column="sid" property="sid"/>
			<result column="sName" property="sName"/>
			<result column="sImage" property="sImage"/>
			<result column="sMoney" property="sMoney"/>
			<result column="yesOrNo" property="yesOrNo"/>
		</association>
	</resultMap>
 	<!-- 查询所有 -->
<!-- 	<select id="findCartAll" resultType="Cart">
		select * from Cart	
	</select> -->
	<!-- 添加购物车数据 -->
	<insert id="addCart" useGeneratedKeys="true"
    keyProperty="cid">
		insert into Cart(sid,uid,cNum)
		values(#{sid},#{uid},#{cNum})
	</insert>
	<!-- 删除购物车数据 -->
	<delete id="deleteCart">
		delete from Cart where cid = #{cid}
	</delete>
	<!-- 修改购物车数据 -->
	<!-- <update id="updateCart">
		update Cart set
		cNum = #{cNum},
		cMoney = #{cMoney}
		where cid = #{cid}
	</update> -->
</mapper>