<?xml version="1.0" encoding="UTF-8" ?>
<!DOCTYPE configuration
  PUBLIC "-//mybatis.org//DTD Config 3.0//EN"
  "http://mybatis.org/dtd/mybatis-3-config.dtd">
<configuration>
  <settings>
    <setting name="logImpl" value="LOG4J"/>
  </settings>
  	
	<typeAliases>
		<typeAlias type="com.smoo.bean.User" alias="User"/>
		<typeAlias type="com.smoo.bean.Address" alias="Address"/>
		<typeAlias type="com.smoo.bean.Stuff" alias="Stuff"/>
		<typeAlias type="com.smoo.bean.Cart" alias="Cart"/>
		<typeAlias type="com.smoo.bean.Orders" alias="Orders"/>
	</typeAliases>
	


  <mappers>
    <mapper resource="UserMapper.xml"/>
    <mapper resource="AddressMapper.xml"/>
    <mapper resource="StuffMapper.xml"/>
    <mapper resource="CartMapper.xml"/>
    <mapper resource="OrdersMapper.xml"/>
  </mappers>
</configuration>