<?xml version="1.0" encoding="UTF-8" ?>
<!DOCTYPE mapper
  PUBLIC "-//mybatis.org//DTD Mapper 3.0//EN"
  "http://mybatis.org/dtd/mybatis-3-mapper.dtd">
<mapper namespace="com.smoo.mapper.StuffMapper">
	<!-- 查询所有商品 -->
	<select id="findStuffAll" resultType="Stuff">
		select * from Stuff
	</select>
	<!--随机查询-->
	<select id="find6" resultType="Stuff">
		SELECT * FROM stuff ORDER BY RAND() LIMIT 6
	</select>
	<!-- 查询一条商品 -->
	<select id="findStuffId" resultType="Stuff">
		select * from Stuff where sid=#{sid}
	</select>
	<!-- 模糊查询 -->
	<select id="findKey" resultType="Stuff">
		select * from stuff where sName  like concat('%',#{sName},'%')   or scontext like concat('%',#{sName},'%')<!-- "%"#{key}"%" -->
	</select>
</mapper>