<?xml version="1.0" encoding="UTF-8" ?>
<!DOCTYPE mapper
  PUBLIC "-//mybatis.org//DTD Mapper 3.0//EN"
  "http://mybatis.org/dtd/mybatis-3-mapper.dtd">
<mapper namespace="com.smoo.mapper.UserMapper">
	<!-- 查询用户名密码//登录 -->
	<select id="login" resultType="User">
		select * from User where userName=#{userName} and pwd=#{pwd}
	</select>
	<!-- 查询自己资料 -->
		<select id="findUserId" resultType="User">
		select * from User where userName=#{userName}
	</select>
	<!-- 添加//注册 -->
	<insert id="reg" useGeneratedKeys="true"
    keyProperty="uid">
		insert into user (userName,pwd,image,phone)
  		values (#{userName},#{pwd},#{image},#{phone})
	</insert>
     <!--修改--> 	
 	<update id="update" parameterType="User">    
        update user set userName=#{userName},phone=#{phone},pwd=#{pwd} where uid=#{uid}    
    </update> 
</mapper>